<?xml version="1.0" encoding="UTF-8"?>
<log4j:configuration debug="true" xmlns:log4j='http://jakarta.apache.org/log4j/'>  
    
  <appender name="console" class="org.apache.log4j.ConsoleAppender">  
    <param name="Target" value="System.out"/>  
    <layout class="org.apache.log4j.PatternLayout">  
    <param name="ConversionPattern" value="%d{yyyy-MM-dd HH:mm:ss} %-5p %c{1}:%L - %m%n" />  
    </layout>  
  </appender>  
   
  <logger name="com.javatpoint.web.controller">  
    <level value="INFO" />  
    <appender-ref ref="console" />  
  </logger>  
    
  <root>  
    <level value="DEBUG" />  
    <appender-ref ref="console"></appender-ref>  
  </root>  
    
</log4j:configuration>  